{
    "evaluation_frequency": {
        "frequency": 1,
        "period": "epoch"
    },
    "test": {
        "combined": {
            "loss": [
                8.419386863708496,
                0.9433955550193787,
                0.5430703163146973,
                0.458367258310318,
                0.4359827935695648,
                0.42645102739334106,
                0.42497971653938293,
                0.4232109785079956,
                0.42465049028396606,
                0.4241367280483246,
                0.4211145043373108,
                0.42148301005363464,
                0.4188624322414398,
                0.41817933320999146,
                0.41977715492248535,
                0.4181497395038605,
                0.4175077974796295,
                0.4207153618335724
            ]
        },
        "score": {
            "loss": [
                8.454996109008789,
                0.9398212432861328,
                0.5398156046867371,
                0.45613136887550354,
                0.4319003224372864,
                0.4227152168750763,
                0.42153826355934143,
                0.4199749231338501,
                0.4203014075756073,
                0.41964197158813477,
                0.4169430434703827,
                0.41802674531936646,
                0.4151785969734192,
                0.4152502119541168,
                0.41580796241760254,
                0.41437676548957825,
                0.4139479100704193,
                0.4161880910396576
            ],
            "mean_absolute_error": [
                2.7145652770996094,
                0.7721601128578186,
                0.5822458863258362,
                0.5309514999389648,
                0.5140778422355652,
                0.5090938210487366,
                0.5073807835578918,
                0.5068439245223999,
                0.5059373378753662,
                0.5077065825462341,
                0.5032028555870056,
                0.5046746134757996,
                0.5047436952590942,
                0.5045368075370789,
                0.5047566294670105,
                0.5023235082626343,
                0.5034000277519226,
                0.5042774677276611
            ],
            "mean_squared_error": [
                8.454996109008789,
                0.9398211240768433,
                0.5398155450820923,
                0.4561314284801483,
                0.4319002032279968,
                0.42271527647972107,
                0.42153826355934143,
                0.4199749529361725,
                0.4203014373779297,
                0.41964203119277954,
                0.4169429838657379,
                0.41802680492401123,
                0.4151785671710968,
                0.4152502715587616,
                0.4158080518245697,
                0.414376825094223,
                0.4139479398727417,
                0.41618800163269043
            ],
            "r2": [
                -9.532672882080078,
                -0.1707667112350464,
                0.3275337219238281,
                0.4317818284034729,
                0.46196746826171875,
                0.47340941429138184,
                0.47487562894821167,
                0.4768231511116028,
                0.4764164090156555,
                0.47723788022994995,
                0.48060011863708496,
                0.4792500138282776,
                0.48279815912246704,
                0.48270881175994873,
                0.482014000415802,
                0.4837968945503235,
                0.4843311905860901,
                0.4815406799316406
            ],
            "root_mean_squared_error": [
                2.907747507095337,
                0.9694437384605408,
                0.7347214221954346,
                0.6753750443458557,
                0.6571911573410034,
                0.6501655578613281,
                0.6492598056793213,
                0.6480547189712524,
                0.6483066082000732,
                0.6477978229522705,
                0.6457112431526184,
                0.6465499401092529,
                0.6443434953689575,
                0.6443991661071777,
                0.6448317766189575,
                0.6437211036682129,
                0.6433878540992737,
                0.6451263427734375
            ],
            "root_mean_squared_percentage_error": [
                0.44630879163742065,
                0.16199316084384918,
                0.12731432914733887,
                0.11664427816867828,
                0.1150847002863884,
                0.11410288512706757,
                0.11362823098897934,
                0.11428256332874298,
                0.11524774879217148,
                0.11256066709756851,
                0.11356811970472336,
                0.11467404663562775,
                0.1129055768251419,
                0.11356598138809204,
                0.1140323206782341,
                0.11337000131607056,
                0.11330654472112656,
                0.11403106898069382
            ]
        }
    },
    "training": {
        "combined": {
            "loss": [
                22.21322250366211,
                2.9664056301116943,
                0.6846323013305664,
                0.4879818856716156,
                0.44395148754119873,
                0.431282103061676,
                0.42432358860969543,
                0.4210120439529419,
                0.4196932017803192,
                0.4193117320537567,
                0.42009809613227844,
                0.4317317306995392,
                0.41653504967689514,
                0.4156211316585541,
                0.4159144461154938,
                0.41543149948120117,
                0.41638877987861633,
                0.415473610162735
            ]
        },
        "score": {
            "loss": [
                22.33185577392578,
                2.987653970718384,
                0.6849843263626099,
                0.48696961998939514,
                0.4455831050872803,
                0.4313293993473053,
                0.42458540201187134,
                0.4212940037250519,
                0.4204544723033905,
                0.4198075234889984,
                0.4195877015590668,
                0.4182697832584381,
                0.4181632101535797,
                0.41791853308677673,
                0.4161510467529297,
                0.41648128628730774,
                0.41721001267433167,
                0.4162384867668152
            ],
            "mean_absolute_error": [
                4.542480945587158,
                1.3796892166137695,
                0.6517642736434937,
                0.5463618040084839,
                0.5192661285400391,
                0.5097211003303528,
                0.5051334500312805,
                0.5022981762886047,
                0.5014104247093201,
                0.5010591149330139,
                0.5005931258201599,
                0.499331533908844,
                0.5004966855049133,
                0.4984186291694641,
                0.49803704023361206,
                0.4978675842285156,
                0.4980553090572357,
                0.49839913845062256
            ],
            "mean_squared_error": [
                22.331851959228516,
                2.987654685974121,
                0.6849846243858337,
                0.48696961998939514,
                0.4455830156803131,
                0.43132930994033813,
                0.42458558082580566,
                0.4212939739227295,
                0.42045462131500244,
                0.4198075830936432,
                0.41958749294281006,
                0.4182698428630829,
                0.41816335916519165,
                0.41791871190071106,
                0.41615116596221924,
                0.4164813756942749,
                0.4172099530696869,
                0.4162385165691376
            ],