{
    "evaluation_frequency": {
        "frequency": 1,
        "period": "epoch"
    },
    "test": {
        "combined": {
            "loss": [
                4.379992485046387,
                0.6834801435470581,
                0.6294829845428467,
                0.6254012584686279,
                0.6288180351257324,
                0.6254075169563293,
                0.6211643815040588,
                0.6140891313552856,
                0.6137843132019043,
                0.6164464950561523,
                0.6070955395698547,
                0.6188440918922424,
                0.6080549359321594,
                0.6135208010673523,
                0.6139472723007202,
                0.6058849096298218,
                0.6101389527320862,
                0.604717493057251
            ]
        },
        "score": {
            "loss": [
                4.373327732086182,
                0.6787316203117371,
                0.6248863935470581,
                0.6209748983383179,
                0.6216497421264648,
                0.618299126625061,
                0.6141461133956909,
                0.6112720370292664,
                0.6091952919960022,
                0.6090911030769348,
                0.6014711856842041,
                0.6091968417167664,
                0.6009408235549927,
                0.6046997308731079,
                0.603761613368988,
                0.5991221070289612,
                0.599888265132904,
                0.5989152789115906
            ],
            "mean_absolute_error": [
                1.7256609201431274,
                0.643099308013916,
                0.6284404993057251,
                0.6266591548919678,
                0.6279757022857666,
                0.6258218884468079,
                0.6232542991638184,
                0.6214649081230164,
                0.6193525791168213,
                0.6200971007347107,
                0.6157051920890808,
                0.6196778416633606,
                0.6154015064239502,
                0.6171076893806458,
                0.6161015629768372,
                0.6123366355895996,
                0.6153777241706848,
                0.6121784448623657
            ],
            "mean_squared_error": [
                4.373327732086182,
                0.6787315607070923,
                0.6248865127563477,
                0.6209750771522522,
                0.6216497421264648,
                0.6182991862297058,
                0.6141462326049805,
                0.6112719774246216,
                0.6091952919960022,
                0.6090911626815796,
                0.6014710664749146,
                0.6091968417167664,
                0.6009408235549927,
                0.6046997308731079,
                0.6037617325782776,
                0.599122166633606,
                0.5998883247375488,
                0.5989152789115906
            ],
            "r2": [
                -4.448000907897949,
                0.15448135137557983,
                0.22155791521072388,
                0.22643059492111206,
                0.2255900502204895,
                0.22976398468017578,
                0.23493748903274536,
                0.23851799964904785,
                0.24110502004623413,
                0.24123471975326538,
                0.2507273554801941,
                0.24110311269760132,
                0.25138789415359497,
                0.2467052936553955,
                0.24787378311157227,
                0.2536534070968628,
                0.25269901752471924,
                0.25391119718551636
            ],
            "root_mean_squared_error": [
                2.09125018119812,
                0.8238516449928284,
                0.7904976606369019,
                0.7880197167396545,
                0.7884476780891418,
                0.7863200306892395,
                0.7836748361587524,
                0.7818388342857361,
                0.7805096507072449,
                0.7804429531097412,
                0.7755456566810608,
                0.7805106043815613,
                0.7752037048339844,
                0.7776244282722473,
                0.777021050453186,
                0.7740298509597778,
                0.7745245695114136,
                0.7738961577415466
            ],
            "root_mean_squared_percentage_error": [
                0.32577458024024963,
                0.14139369130134583,
                0.13474568724632263,
                0.13756391406059265,
                0.13905103504657745,
                0.1380985826253891,
                0.13729523122310638,
                0.1362101435661316,
                0.1374712884426117,
                0.13628414273262024,
                0.13555485010147095,
                0.13925565779209137,
                0.13438352942466736,
                0.13713769614696503,
                0.13725546002388,
                0.13603517413139343,
                0.13670140504837036,
                0.13612100481987
            ]
        }
    },
    "training": {
        "combined": {
            "loss": [
                22.14511489868164,
                1.8916913270950317,
                0.6527169346809387,
                0.6416018009185791,
                0.6330920457839966,
                0.6324875950813293,
                0.6265970468521118,
                0.6200665831565857,
                0.6148772239685059,
                0.6140566468238831,
                0.6124245524406433,
                0.6112298965454102,
                0.6051080226898193,
                0.6005039215087891,
                0.6032379269599915,
                0.6000659465789795,
                0.5980003476142883,
                0.5955080986022949
            ]
        },
        "score": {
            "loss": [
                22.310775756835938,
                1.9044201374053955,
                0.6524437665939331,
                0.6396569609642029,
                0.6354131698608398,
                0.6307975649833679,
                0.6253675818443298,
                0.6213231086730957,
                0.6162733435630798,
                0.61433345079422,
                0.6117382049560547,
                0.6109231114387512,
                0.6059203147888184,
                0.6029363870620728,
                0.60274338722229,
                0.5998968482017517,
                0.5980196595191956,
                0.5963690876960754
            ],
            "mean_absolute_error": [
                4.379446983337402,
                1.0565402507781982,
                0.6410257816314697,
                0.6345891952514648,
                0.6321714520454407,
                0.6292365789413452,
                0.6269241571426392,
                0.6248700022697449,
                0.621956467628479,
                0.6196638941764832,
                0.6187484860420227,
                0.6180662512779236,
                0.6155280470848083,
                0.6136109828948975,
                0.6128597855567932,
                0.6115118265151978,
                0.6099773049354553,
                0.6095321774482727
            ],
            "mean_squared_error": [
                22.31077766418457,
                1.9044194221496582,
                0.6524435877799988,
                0.639657199382782,
                0.6354129314422607,
                0.6307976841926575,
                0.6253678798675537,
                0.6213232278823853,
                0.6162734627723694,
                0.6143329739570618,
                0.6117382645606995,
                0.610922634601593,
                0.605920135974884,
                0.6029359698295593,
                0.6027434468269348,
                0.5998966693878174,
                0.598019540309906,
                0.5963688492774963
            ],