{
    "evaluation_frequency": {
        "frequency": 1,
        "period": "epoch"
    },
    "test": {
        "combined": {
            "loss": [
                15.014242172241211,
                3.920541286468506,
                0.9860206842422485,
                0.612460732460022,
                0.5417844653129578,
                0.5207200050354004,
                0.5159085988998413,
                0.5119629502296448,
                0.509958028793335,
                0.5101629495620728,
                0.5065492987632751,
                0.5071291923522949,
                0.50627601146698,
                0.5081936120986938,
                0.5066733360290527,
                0.5067279934883118,
                0.5061064958572388,
                0.5071462392807007
            ]
        },
        "score": {
            "loss": [
                15.113265037536621,
                3.9595353603363037,
                0.9898504614830017,
                0.6071068644523621,
                0.5347352027893066,
                0.5145954489707947,
                0.5096893906593323,
                0.5057875514030457,
                0.5041565895080566,
                0.5036382079124451,
                0.5021053552627563,
                0.501708447933197,
                0.5015003085136414,
                0.5022414922714233,
                0.5006122589111328,
                0.5018799901008606,
                0.5010648965835571,
                0.5012221932411194
            ],
            "mean_absolute_error": [
                3.718320608139038,
                1.6709622144699097,
                0.7629703879356384,
                0.6083143353462219,
                0.5718958973884583,
                0.560985267162323,
                0.5575651526451111,
                0.5557613372802734,
                0.5540192127227783,
                0.5555000901222229,
                0.5536221265792847,
                0.5531759858131409,
                0.5543532967567444,
                0.5527900457382202,
                0.55195152759552,
                0.551401674747467,
                0.5518275499343872,
                0.5526026487350464
            ],
            "mean_squared_error": [
                15.113268852233887,
                3.959535598754883,
                0.9898504614830017,
                0.6071068644523621,
                0.5347352027893066,
                0.5145955085754395,
                0.5096893906593323,
                0.5057874321937561,
                0.5041565895080566,
                0.5036382675170898,
                0.502105176448822,
                0.5017083287239075,
                0.5015003085136414,
                0.5022413730621338,
                0.5006123185157776,
                0.5018800497055054,
                0.5010648965835571,
                0.5012223124504089
            ],
            "r2": [
                -17.827104568481445,
                -3.932526111602783,
                -0.23308980464935303,
                0.24370664358139038,
                0.3338624835014343,
                0.3589510917663574,
                0.3650628328323364,
                0.3699236512184143,
                0.3719552755355835,
                0.3726009726524353,
                0.3745107650756836,
                0.3750051259994507,
                0.3752642273902893,
                0.37434107065200806,
                0.37637048959732056,
                0.3747912049293518,
                0.37580662965774536,
                0.3756105899810791
            ],
            "root_mean_squared_error": [
                3.8875787258148193,
                1.9898581504821777,
                0.9949122667312622,
                0.7791706323623657,
                0.7312558889389038,
                0.717353105545044,
                0.7139253616333008,
                0.7111873626708984,
                0.7100398540496826,
                0.7096747756004333,
                0.7085937857627869,
                0.7083137035369873,
                0.7081668376922607,
                0.7086899280548096,
                0.7075396180152893,
                0.7084349393844604,
                0.7078593969345093,
                0.7079705595970154
            ],
            "root_mean_squared_percentage_error": [
                0.5841189622879028,
                0.29324159026145935,
                0.1694697141647339,
                0.13642527163028717,
                0.12973091006278992,
                0.1267857402563095,
                0.12833209335803986,
                0.1270725280046463,
                0.12704813480377197,
                0.1259029507637024,
                0.1254657804965973,
                0.12651298940181732,
                0.12484195828437805,
                0.12754850089550018,
                0.12634773552417755,
                0.1264490932226181,
                0.1262403428554535,
                0.12672169506549835
            ]
        }
    },
    "training": {
        "combined": {
            "loss": [
                23.502756118774414,
                8.98920726776123,
                1.8759335279464722,
                0.7424542903900146,
                0.564917266368866,
                0.5296943783760071,
                0.517011284828186,
                0.5146509408950806,
                0.5118524432182312,
                0.5109243392944336,
                0.5112103223800659,
                0.5117851495742798,
                0.5075945854187012,
                0.5063801407814026,
                0.5083183646202087,
                0.5066331624984741,
                0.5082087516784668,
                0.5072532892227173
            ]
        },
        "score": {
            "loss": [
                23.592592239379883,
                9.023946762084961,
                1.8852152824401855,
                0.7424996495246887,
                0.5674877166748047,
                0.5296366810798645,
                0.5179556012153625,
                0.5138105750083923,
                0.5123329162597656,
                0.5111184120178223,
                0.510667622089386,
                0.5094062089920044,
                0.508865475654602,
                0.5087559819221497,
                0.5087767243385315,
                0.5081623792648315,
                0.5089712142944336,
                0.5078891515731812
            ],
            "mean_absolute_error": [
                4.691474437713623,
                2.727792501449585,
                1.0523402690887451,
                0.6673636436462402,
                0.5881295800209045,
                0.5676020979881287,
                0.5613570213317871,
                0.5579869747161865,
                0.5580424070358276,
                0.5568835735321045,
                0.556297779083252,
                0.555932343006134,
                0.5555745363235474,
                0.5548389554023743,
                0.5550488829612732,
                0.5551588535308838,
                0.5554817914962769,
                0.5549965500831604
            ],
            "mean_squared_error": [
                23.592588424682617,
                9.023946762084961,
                1.8852146863937378,
                0.7424997091293335,
                0.5674877762794495,
                0.5296366214752197,
                0.5179553031921387,
                0.5138108730316162,
                0.5123329758644104,
                0.5111182928085327,
                0.5106678605079651,
                0.5094059705734253,
                0.5088655352592468,
                0.5087559819221497,
                0.5087766647338867,
                0.5081623792648315,
                0.5089715719223022,
                0.5078890919685364
            ],