{
    "evaluation_frequency": {
        "frequency": 1,
        "period": "epoch"
    },
    "test": {
        "combined": {
            "loss": [
                13.1881685256958,
                1.8100188970565796,
                0.6597715020179749,
                0.5132083296775818,
                0.48060131072998047,
                0.46654269099235535,
                0.46278032660484314,
                0.45853137969970703,
                0.4585033357143402,
                0.4577563405036926,
                0.4543095529079437,
                0.4540942311286926,
                0.45499950647354126,
                0.45505860447883606,
                0.4534231126308441
            ]
        },
        "score": {
            "loss": [
                13.218690872192383,
                1.762302279472351,
                0.6454213857650757,
                0.5060608386993408,
                0.47308745980262756,
                0.46048903465270996,
                0.45705705881118774,
                0.45389389991760254,
                0.45310837030410767,
                0.4533075988292694,
                0.4501815736293793,
                0.44943878054618835,
                0.4491947889328003,
                0.4506847560405731,
                0.4493415057659149
            ],
            "mean_absolute_error": [
                3.468325614929199,
                1.0572599172592163,
                0.6317741870880127,
                0.5574008226394653,
                0.5391409397125244,
                0.5332537889480591,
                0.5293837785720825,
                0.5292980670928955,
                0.5278744697570801,
                0.5304852724075317,
                0.5260584950447083,
                0.5259342193603516,
                0.5274845957756042,
                0.5285323858261108,
                0.5281665325164795
            ],
            "mean_squared_error": [
                13.21868896484375,
                1.7623015642166138,
                0.6454213857650757,
                0.5060609579086304,
                0.47308751940727234,
                0.4604889750480652,
                0.45705708861351013,
                0.4538939595222473,
                0.4531083106994629,
                0.45330753922462463,
                0.4501815140247345,
                0.44943878054618835,
                0.44919487833976746,
                0.4506848156452179,
                0.4493415057659149
            ],
            "r2": [
                -15.466964721679688,
                -1.1953582763671875,
                0.19597697257995605,
                0.3695829510688782,
                0.4106590151786804,
                0.42635345458984375,
                0.4306286573410034,
                0.4345691204071045,
                0.43554776906967163,
                0.4352995753288269,
                0.4391937851905823,
                0.44011908769607544,
                0.4404228925704956,
                0.4385668635368347,
                0.44024020433425903
            ],
            "root_mean_squared_error": [
                3.635751485824585,
                1.327517032623291,
                0.8033812046051025,
                0.7113795876502991,
                0.6878135800361633,
                0.6785933971405029,
                0.6760599613189697,
                0.6737165451049805,
                0.6731331944465637,
                0.673281192779541,
                0.6709556579589844,
                0.670401930809021,
                0.6702200174331665,
                0.6713306307792664,
                0.6703293919563293
            ],
            "root_mean_squared_percentage_error": [
                0.549162745475769,
                0.21329137682914734,
                0.13800987601280212,
                0.12218309193849564,
                0.12052268534898758,
                0.11772270500659943,
                0.11839676648378372,
                0.11850576847791672,
                0.11912799626588821,
                0.11668112874031067,
                0.11801744252443314,
                0.11811192333698273,
                0.1174166202545166,
                0.11939221620559692,
                0.1185738742351532
            ]
        }
    },
    "training": {
        "combined": {
            "loss": [
                26.516572952270508,
                5.863882541656494,
                0.987941563129425,
                0.5549851655960083,
                0.48911917209625244,
                0.4717821478843689,
                0.46260491013526917,
                0.459414541721344,
                0.45742911100387573,
                0.45605331659317017,
                0.45663130283355713,
                0.4710279703140259,
                0.4532642960548401,
                0.45191872119903564,
                0.4528144299983978
            ]
        },
        "score": {
            "loss": [
                26.6226806640625,
                5.9086594581604,
                0.9876426458358765,
                0.554429829120636,
                0.4910999536514282,
                0.4717315435409546,
                0.46377819776535034,
                0.45892027020454407,
                0.45741283893585205,
                0.456402987241745,
                0.4560365676879883,
                0.4551311135292053,
                0.45450252294540405,
                0.4544329345226288,
                0.45337146520614624
            ],
            "mean_absolute_error": [
                4.977550983428955,
                2.0589993000030518,
                0.7764441967010498,
                0.5823559165000916,
                0.5447983741760254,
                0.5342203974723816,
                0.5296292901039124,
                0.5259695053100586,
                0.5254906415939331,
                0.5247943997383118,
                0.5243398547172546,
                0.5237639546394348,
                0.5243128538131714,
                0.5231914520263672,
                0.5227155089378357
            ],
            "mean_squared_error": [
                26.6226863861084,
                5.908656120300293,
                0.9876419305801392,
                0.5544300675392151,
                0.49110016226768494,
                0.47173169255256653,
                0.4637780487537384,
                0.45892030000686646,
                0.45741280913352966,
                0.45640304684638977,
                0.4560367166996002,
                0.4551311135292053,
                0.4545023739337921,
                0.45443302392959595,
                0.45337122678756714
            ],
            "r2": [
                -31.884597778320312,
                -6.298314571380615,
                -0.2199162244796753,
                0.31515997648239136,
                0.3933812975883484,
                0.4173215627670288,
                0.4271368980407715,
                0.4331372380256653,
                0.4349949359893799,
                0.43625539541244507,
                0.43670350313186646,
                0.43781548738479614,
                0.4385942816734314,
                0.4386777877807617,
                0.4399827718734741
            ],
            "root_mean_squared_error": [
                5.159717559814453,
                2.4307727813720703,
                0.9938017725944519,
                0.7446005940437317,
                0.7007853984832764,
                0.6868272423744202,
                0.6810125112533569,
                0.6774365901947021,
                0.6763229966163635,
                0.6755760908126831,
                0.6753048896789551,
                0.6746340394020081,
                0.6741679310798645,
                0.6741164922714233,
                0.6733284592628479
            ],