{
    "evaluation_frequency": {
        "frequency": 1,
        "period": "epoch"
    },
    "test": {
        "combined": {
            "loss": [
                1.8126376867294312,
                0.7356129288673401,
                0.49835333228111267,
                0.48120391368865967,
                0.6284207701683044,
                0.7243185639381409,
                0.5519469976425171,
                0.47320887446403503,
                1.1483230590820312,
                0.45360493659973145
            ]
        },
        "score": {
            "loss": [
                1.8133141994476318,
                0.7337871193885803,
                0.4956739842891693,
                0.47843077778816223,
                0.6229115724563599,
                0.7168342471122742,
                0.5516073703765869,
                0.4705958068370819,
                1.1383126974105835,
                0.45205554366111755
            ],
            "mean_absolute_error": [
                1.1552504301071167,
                0.6773009300231934,
                0.5514206290245056,
                0.5425521731376648,
                0.6199343800544739,
                0.6720806956291199,
                0.5919458270072937,
                0.5364736318588257,
                0.8881740570068359,
                0.5282976031303406
            ],
            "mean_squared_error": [
                1.8133140802383423,
                0.7337871193885803,
                0.4956740736961365,
                0.4784308671951294,
                0.6229113936424255,
                0.7168342471122742,
                0.5516073703765869,
                0.47059571743011475,
                1.1383126974105835,
                0.4520556330680847
            ],
            "r2": [
                -1.2589061260223389,
                0.08589679002761841,
                0.38252222537994385,
                0.40400266647338867,
                0.224018394947052,
                0.10701560974121094,
                0.31284427642822266,
                0.413763165473938,
                -0.41803431510925293,
                0.436859130859375
            ],
            "root_mean_squared_error": [
                1.3465934991836548,
                0.8566137552261353,
                0.7040412425994873,
                0.6916869878768921,
                0.7892473340034485,
                0.8466606736183167,
                0.7427027225494385,
                0.6859998106956482,
                1.0669174194335938,
                0.6723508238792419
            ],
            "root_mean_squared_percentage_error": [
                0.24904228746891022,
                0.16061323881149292,
                0.12795917689800262,
                0.12191952764987946,
                0.14860135316848755,
                0.15967832505702972,
                0.11954808235168457,
                0.12506552040576935,
                0.19668366014957428,
                0.11755789816379547
            ]
        }
    },
    "training": {
        "combined": {
            "loss": [
                4.674727439880371,
                1.096714973449707,
                0.6253554224967957,
                0.7714407444000244,
                0.6839185357093811,
                0.6339465379714966,
                0.6363188624382019,
                0.529346764087677,
                0.5128162503242493,
                0.5796710252761841
            ]
        },
        "score": {
            "loss": [
                4.714785099029541,
                1.0984368324279785,
                0.6277170777320862,
                0.7730882167816162,
                0.686790406703949,
                0.6351189613342285,
                0.6376530528068542,
                0.5294157862663269,
                0.512349545955658,
                0.5808393955230713
            ],
            "mean_absolute_error": [
                1.5922490358352661,
                0.8202123641967773,
                0.6201760768890381,
                0.6970868706703186,
                0.653561532497406,
                0.6291159987449646,
                0.6279628872871399,
                0.5678149461746216,
                0.558290421962738,
                0.5983678102493286
            ],
            "mean_squared_error": [
                4.714787006378174,
                1.098436713218689,
                0.6277171969413757,
                0.7730879783630371,
                0.6867903470993042,
                0.6351190209388733,
                0.637653112411499,
                0.529415488243103,
                0.512349545955658,
                0.5808392763137817
            ],
            "r2": [
                -4.823750019073486,
                -0.3567783832550049,
                0.2246558666229248,
                0.045070528984069824,
                0.1516600251197815,
                0.2155071496963501,
                0.21236473321914673,
                0.3460608720779419,
                0.3671359419822693,
                0.28255295753479004
            ],
            "root_mean_squared_error": [
                2.171355962753296,
                1.0480632781982422,
                0.7922860383987427,
                0.8792542219161987,
                0.8287281394004822,
                0.7969435453414917,
                0.7985318303108215,
                0.7276094555854797,
                0.7157859802246094,
                0.7621281147003174
            ],
            "root_mean_squared_percentage_error": [
                0.2929219901561737,
                0.17338871955871582,
                0.13779589533805847,
                0.15266768634319305,
                0.14050444960594177,
                0.13999322056770325,
                0.139698326587677,
                0.1289645880460739,
                0.12641023099422455,
                0.13404279947280884
            ]
        }
    },
    "validation": {
        "combined": {
            "loss": [
                2.200958490371704,
                0.9575338363647461,
                0.6638908386230469,
                0.6116108298301697,
                0.8044090867042542,
                0.9078885912895203,
                0.6497936844825745,
                0.6049513220787048,
                1.3389464616775513,
                0.5601257085800171
            ]
        },
        "score": {
            "loss": [
                1.936592936515808,
                0.8177388906478882,
                0.5543527007102966,
                0.5229790210723877,
                0.6920989155769348,
                0.7898612022399902,
                0.5766909122467041,
                0.5182347297668457,
                1.2267402410507202,
                0.48861202597618103
            ],
            "mean_absolute_error": [
                1.184472918510437,
                0.705190122127533,
                0.5717657208442688,
                0.5558459758758545,
                0.6475577354431152,
                0.7022727131843567,
                0.5930837988853455,
                0.5548397302627563,
                0.920413613319397,
                0.5392323136329651
            ],
            "mean_squared_error": [
                1.9365928173065186,
                0.8177388906478882,
                0.5543526411056519,
                0.5229790210723877,
                0.6920990943908691,
                0.7898613214492798,
                0.5766908526420593,
                0.5182348489761353,
                1.2267402410507202,
                0.4886120557785034
            ],