{
    "evaluation_frequency": {
        "frequency": 1,
        "period": "epoch"
    },
    "test": {
        "combined": {
            "loss": [
                0.853775680065155,
                0.45883387327194214,
                0.4359738230705261,
                0.4284408688545227,
                0.421832799911499,
                0.4209805727005005,
                0.41878995299339294,
                0.4174913465976715,
                0.42177528142929077,
                0.4166930317878723,
                0.41904181241989136,
                0.41550305485725403,
                0.4139019548892975,
                0.4168834388256073,
                0.41235560178756714
            ]
        },
        "score": {
            "loss": [
                0.8394896388053894,
                0.45400723814964294,
                0.431077778339386,
                0.4247887432575226,
                0.4182678163051605,
                0.4170285761356354,
                0.4151137173175812,
                0.41468381881713867,
                0.4170942008495331,
                0.4117664694786072,
                0.41270139813423157,
                0.41046467423439026,
                0.41001787781715393,
                0.4121035039424896,
                0.40710994601249695
            ],
            "mean_absolute_error": [
                0.7240371108055115,
                0.5293327569961548,
                0.5129456520080566,
                0.5085196495056152,
                0.5059870481491089,
                0.504894495010376,
                0.5037100911140442,
                0.5051480531692505,
                0.503098726272583,
                0.5019221901893616,
                0.5013331174850464,
                0.5007947683334351,
                0.49869924783706665,
                0.5007103085517883,
                0.497789591550827
            ],
            "mean_squared_error": [
                0.839489758014679,
                0.4540071487426758,
                0.4310779869556427,
                0.42478877305984497,
                0.4182678759098053,
                0.4170285761356354,
                0.415113627910614,
                0.4146837890148163,
                0.41709423065185547,
                0.4117664694786072,
                0.41270121932029724,
                0.41046470403671265,
                0.41001778841018677,
                0.41210344433784485,
                0.4071098566055298
            ],
            "r2": [
                -0.04578053951263428,
                0.4344280958175659,
                0.46299171447753906,
                0.4708263874053955,
                0.4789496660232544,
                0.48049354553222656,
                0.48287904262542725,
                0.48341453075408936,
                0.48041170835494995,
                0.4870487451553345,
                0.48588424921035767,
                0.48867034912109375,
                0.4892271161079407,
                0.4866289496421814,
                0.49284958839416504
            ],
            "root_mean_squared_error": [
                0.9162367582321167,
                0.673800528049469,
                0.6565653085708618,
                0.6517581939697266,
                0.6467363238334656,
                0.6457775235176086,
                0.6442931294441223,
                0.6439594626426697,
                0.6458283066749573,
                0.6416903138160706,
                0.6424182653427124,
                0.6406751871109009,
                0.6403263211250305,
                0.6419528126716614,
                0.6380516290664673
            ],
            "root_mean_squared_percentage_error": [
                0.14529505372047424,
                0.1184108555316925,
                0.11646204441785812,
                0.11656059324741364,
                0.11359977722167969,
                0.11353565007448196,
                0.11450226604938507,
                0.11246726661920547,
                0.11674904823303223,
                0.11271703988313675,
                0.11455678194761276,
                0.11379118263721466,
                0.11380279809236526,
                0.11492043733596802,
                0.11251472681760788
            ]
        }
    },
    "training": {
        "combined": {
            "loss": [
                16.570411682128906,
                0.5701516270637512,
                0.44638532400131226,
                0.435456782579422,
                0.43066322803497314,
                0.42083701491355896,
                0.41651132702827454,
                0.4152577817440033,
                0.4132583439350128,
                0.4125451445579529,
                0.4074574112892151,
                0.40872323513031006,
                0.40362364053726196,
                0.4008648991584778,
                0.40437522530555725
            ]
        },
        "score": {
            "loss": [
                16.72707176208496,
                0.5704166889190674,
                0.44795170426368713,
                0.43415671586990356,
                0.4281267523765564,
                0.4212845265865326,
                0.41769590973854065,
                0.41494590044021606,
                0.4128681719303131,
                0.4118392765522003,
                0.40878400206565857,
                0.4088636338710785,
                0.40453025698661804,
                0.4028640389442444,
                0.40484675765037537
            ],
            "mean_absolute_error": [
                3.421761989593506,
                0.5888797044754028,
                0.5179030895233154,
                0.5098153352737427,
                0.5050815343856812,
                0.5016955733299255,
                0.4989067316055298,
                0.49692031741142273,
                0.4956127405166626,
                0.49401354789733887,
                0.49295568466186523,
                0.49319300055503845,
                0.4901251196861267,
                0.48814013600349426,
                0.4896070659160614
            ],
            "mean_squared_error": [
                16.727060317993164,
                0.5704165101051331,
                0.4479515552520752,
                0.4341568946838379,
                0.4281267523765564,
                0.4212843179702759,
                0.4176959991455078,
                0.4149461090564728,
                0.4128683805465698,
                0.41183945536613464,
                0.4087839424610138,
                0.4088635742664337,
                0.40453019738197327,
                0.40286433696746826,
                0.4048468768596649
            ],
            "r2": [
                -19.661184310913086,
                0.29542428255081177,
                0.446694552898407,
                0.463725209236145,
                0.47116756439208984,
                0.4796316623687744,
                0.4840739965438843,
                0.4874606132507324,
                0.4900170564651489,
                0.49129194021224976,
                0.49507206678390503,
                0.49496185779571533,
                0.5003262758255005,
                0.5023742318153381,
                0.4999331831932068
            ],
            "root_mean_squared_error": [
                4.08987283706665,
                0.7552592158317566,
                0.6692918539047241,
                0.6589058041572571,
                0.6543139815330505,
                0.6490641832351685,
                0.6462940573692322,
                0.6441631317138672,
                0.6425483226776123,
                0.6417471766471863,
                0.6393621563911438,
                0.6394243836402893,
                0.6360268592834473,
                0.6347159743309021,
                0.6362757682800293
            ],