{
    "evaluation_frequency": {
        "frequency": 1,
        "period": "epoch"
    },
    "test": {
        "combined": {
            "loss": [
                40.401615142822266,
                39.381675720214844,
                38.387569427490234,
                37.40586471557617,
                36.4447021484375,
                35.489463806152344,
                34.560203552246094,
                33.638587951660156,
                32.73179244995117,
                31.844606399536133,
                30.967540740966797,
                30.09821319580078,
                29.25383949279785,
                28.41436195373535,
                27.59088134765625,
                26.784687042236328,
                25.98489761352539,
                25.203306198120117
            ]
        },
        "score": {
            "loss": [
                40.41042709350586,
                39.39071273803711,
                38.396785736083984,
                37.41535186767578,
                36.454341888427734,
                35.4994010925293,
                34.570213317871094,
                33.648773193359375,
                32.742156982421875,
                31.85502815246582,
                30.97808265686035,
                30.10893440246582,
                29.264606475830078,
                28.425260543823242,
                27.601789474487305,
                26.79556655883789,
                25.995800018310547,
                25.214181900024414
            ],
            "mean_absolute_error": [
                6.285874366760254,
                6.204020977020264,
                6.12321662902832,
                6.042263031005859,
                5.962042808532715,
                5.881086349487305,
                5.801449298858643,
                5.721262454986572,
                5.641244411468506,
                5.56195068359375,
                5.48237419128418,
                5.402256965637207,
                5.3234333992004395,
                5.2437825202941895,
                5.16459846496582,
                5.085937023162842,
                5.006589412689209,
                4.927891731262207
            ],
            "mean_squared_error": [
                40.410423278808594,
                39.390708923339844,
                38.39678192138672,
                37.41535568237305,
                36.454341888427734,
                35.49939727783203,
                34.57020950317383,
                33.648773193359375,
                32.74215316772461,
                31.85502815246582,
                30.978076934814453,
                30.108932495117188,
                29.264604568481445,
                28.425254821777344,
                27.601787567138672,
                26.795560836791992,
                25.995803833007812,
                25.214187622070312
            ],
            "r2": [
                -47.88604736328125,
                -46.6524543762207,
                -45.45006561279297,
                -44.262794494628906,
                -43.100223541259766,
                -41.94498825073242,
                -40.8209114074707,
                -39.70621871948242,
                -38.60944747924805,
                -37.5362548828125,
                -36.475372314453125,
                -35.42393493652344,
                -34.40251922607422,
                -33.38712692260742,
                -32.39094543457031,
                -31.41562271118164,
                -30.4481258392334,
                -29.502573013305664
            ],
            "root_mean_squared_error": [
                6.356919288635254,
                6.2762017250061035,
                6.196513652801514,
                6.116809368133545,
                6.037743091583252,
                5.958137035369873,
                5.879643440246582,
                5.800756454467773,
                5.722075939178467,
                5.644025802612305,
                5.565795421600342,
                5.487160682678223,
                5.409677028656006,
                5.331533908843994,
                5.253740310668945,
                5.176443099975586,
                5.098608016967773,
                5.021373271942139
            ],
            "root_mean_squared_percentage_error": [
                0.97484290599823,
                0.9618752598762512,
                0.9490805864334106,
                0.9362667202949524,
                0.9235778450965881,
                0.9107776880264282,
                0.8981958627700806,
                0.8855332732200623,
                0.8729052543640137,
                0.8603994846343994,
                0.8478565216064453,
                0.8352378606796265,
                0.8228298425674438,
                0.8103021383285522,
                0.797854483127594,
                0.7854967713356018,
                0.773042619228363,
                0.760698139667511
            ]
        }
    },
    "training": {
        "combined": {
            "loss": [
                41.44536209106445,
                40.40046310424805,
                39.421852111816406,
                38.430606842041016,
                37.53739929199219,
                36.584861755371094,
                35.64997100830078,
                34.70526885986328,
                33.853981018066406,
                32.87724685668945,
                32.038021087646484,
                31.06015396118164,
                30.30807113647461,
                29.402528762817383,
                28.620105743408203,
                27.695964813232422,
                26.981609344482422,
                26.123260498046875
            ]
        },
        "score": {
            "loss": [
                41.502960205078125,
                40.46797561645508,
                39.463226318359375,
                38.479164123535156,
                37.513099670410156,
                36.55358123779297,
                35.61405563354492,
                34.68645095825195,
                33.77410125732422,
                32.877567291259766,
                31.99188995361328,
                31.12137222290039,
                30.263227462768555,
                29.418163299560547,
                28.58473014831543,
                27.765182495117188,
                26.95574378967285,
                26.160873413085938
            ],
            "mean_absolute_error": [
                6.3683085441589355,
                6.286089897155762,
                6.205244541168213,
                6.12473726272583,
                6.044839382171631,
                5.963731288909912,
                5.8843231201171875,
                5.804234981536865,
                5.724448204040527,
                5.645208358764648,
                5.565608501434326,
                5.486305236816406,
                5.406852722167969,
                5.327463626861572,
                5.248437404632568,
                5.169708251953125,
                5.090533256530762,
                5.011623382568359
            ],
            "mean_squared_error": [
                41.50297927856445,
                40.467952728271484,
                39.46321105957031,
                38.479164123535156,
                37.513084411621094,
                36.55356979370117,
                35.614051818847656,
                34.68644332885742,
                33.77410888671875,
                32.877559661865234,
                31.99188995361328,
                31.121368408203125,
                30.263233184814453,
                29.418167114257812,
                28.584739685058594,
                27.76517677307129,
                26.95574378967285,
                26.160877227783203
            ],