{
    "evaluation_frequency": {
        "frequency": 1,
        "period": "epoch"
    },
    "test": {
        "combined": {
            "loss": [
                22.413637161254883,
                6.809548377990723,
                1.337039828300476,
                0.650961697101593,
                0.5721895694732666,
                0.5539675354957581,
                0.5484054088592529,
                0.5457412600517273,
                0.5435951352119446,
                0.5422235727310181,
                0.5422888398170471,
                0.5402373671531677,
                0.5427625775337219,
                0.5403923392295837,
                0.5391327738761902,
                0.5413631200790405,
                0.5413614511489868,
                0.5408668518066406
            ]
        },
        "score": {
            "loss": [
                22.44862174987793,
                6.832489013671875,
                1.3422201871871948,
                0.6588518023490906,
                0.5800600647926331,
                0.5613892078399658,
                0.5556502342224121,
                0.5525761842727661,
                0.5504328608512878,
                0.5490087866783142,
                0.5490177273750305,
                0.5470724105834961,
                0.5492715239524841,
                0.5468254685401917,
                0.5456411838531494,
                0.5480789542198181,
                0.54801344871521,
                0.5474293828010559
            ],
            "mean_absolute_error": [
                4.5822954177856445,
                2.2883994579315186,
                0.914919912815094,
                0.6370089054107666,
                0.5962738990783691,
                0.5856136679649353,
                0.5827877521514893,
                0.5814934968948364,
                0.5798508524894714,
                0.5793539881706238,
                0.5796080231666565,
                0.5787765979766846,
                0.5805352926254272,
                0.578751802444458,
                0.5783798694610596,
                0.5790010094642639,
                0.5797801613807678,
                0.579641580581665
            ],
            "mean_squared_error": [
                22.448619842529297,
                6.832489967346191,
                1.3422205448150635,
                0.6588517427444458,
                0.5800598859786987,
                0.561389148235321,
                0.5556503534317017,
                0.5525761842727661,
                0.5504328608512878,
                0.5490087270736694,
                0.5490177869796753,
                0.5470724105834961,
                0.5492714047431946,
                0.5468254089355469,
                0.5456411838531494,
                0.5480790138244629,
                0.5480135083198547,
                0.5474293828010559
            ],
            "r2": [
                -26.15696144104004,
                -7.265525817871094,
                -0.6237359046936035,
                0.20296162366867065,
                0.29827916622161865,
                0.3208658695220947,
                0.3278083801269531,
                0.3315272927284241,
                0.3341202139854431,
                0.33584296703338623,
                0.33583205938339233,
                0.3381854295730591,
                0.3355252146720886,
                0.3384842276573181,
                0.3399168848991394,
                0.33696770668029785,
                0.3370469808578491,
                0.3377535939216614
            ],
            "root_mean_squared_error": [
                4.737997531890869,
                2.613903284072876,
                1.1585423946380615,
                0.8116968274116516,
                0.7616166472434998,
                0.7492590546607971,
                0.7454195618629456,
                0.7433546781539917,
                0.7419116497039795,
                0.7409512400627136,
                0.7409573197364807,
                0.7396434545516968,
                0.7411284446716309,
                0.7394764423370361,
                0.7386752963066101,
                0.7403236031532288,
                0.7402793169021606,
                0.7398847341537476
            ],
            "root_mean_squared_percentage_error": [
                0.7188958525657654,
                0.38886985182762146,
                0.1962120234966278,
                0.14215774834156036,
                0.13549542427062988,
                0.13385336101055145,
                0.1333291232585907,
                0.13204343616962433,
                0.1330498605966568,
                0.13292112946510315,
                0.13210250437259674,
                0.1327812820672989,
                0.13132865726947784,
                0.13266178965568542,
                0.13261088728904724,
                0.13191746175289154,
                0.13176092505455017,
                0.13304825127124786
            ]
        }
    },
    "training": {
        "combined": {
            "loss": [
                33.239837646484375,
                14.110834121704102,
                3.2499687671661377,
                0.9024887084960938,
                0.6099412441253662,
                0.5609752535820007,
                0.5471875071525574,
                0.542303740978241,
                0.5429009199142456,
                0.5429635643959045,
                0.5441141724586487,
                0.5411807894706726,
                0.562759518623352,
                0.539178192615509,
                0.5452308058738708,
                0.5366898775100708,
                0.5386732816696167,
                0.5449225306510925
            ]
        },
        "score": {
            "loss": [
                33.416622161865234,
                14.237821578979492,
                3.2849700450897217,
                0.9079880714416504,
                0.6147254705429077,
                0.5642954111099243,
                0.550180196762085,
                0.5458580255508423,
                0.5447162985801697,
                0.5432227849960327,
                0.5425927042961121,
                0.542366623878479,
                0.5419801473617554,
                0.5418437719345093,
                0.5429288744926453,
                0.5417675375938416,
                0.5413440465927124,
                0.542365550994873
            ],
            "mean_absolute_error": [
                5.632777214050293,
                3.49294376373291,
                1.4379655122756958,
                0.7345116138458252,
                0.6074100732803345,
                0.5840269923210144,
                0.5763565897941589,
                0.5745850205421448,
                0.5738797783851624,
                0.5738022327423096,
                0.5726931095123291,
                0.5732291340827942,
                0.5727440118789673,
                0.5735107660293579,
                0.5733869671821594,
                0.5732682347297668,
                0.5723587870597839,
                0.5730668902397156
            ],
            "mean_squared_error": [
                33.41661071777344,
                14.237823486328125,
                3.284968137741089,
                0.9079878926277161,
                0.6147252917289734,
                0.5642952919006348,
                0.5501800179481506,
                0.5458579063415527,
                0.5447165369987488,
                0.5432226657867432,
                0.5425930023193359,
                0.5423668622970581,
                0.5419800877571106,
                0.5418437719345093,
                0.5429290533065796,
                0.5417674779891968,
                0.5413442850112915,
                0.5423657894134521
            ],