{
    "evaluation_frequency": {
        "frequency": 1,
        "period": "epoch"
    },
    "test": {
        "combined": {
            "loss": [
                13.830888748168945,
                2.7107911109924316,
                0.7643757462501526,
                0.5602831840515137,
                0.511008620262146,
                0.4893539249897003,
                0.4796617329120636,
                0.4729278087615967,
                0.4690154194831848,
                0.4666619896888733,
                0.462799608707428,
                0.46140214800834656,
                0.46016743779182434,
                0.4623878300189972,
                0.4591715931892395,
                0.45936107635498047,
                0.4585302174091339,
                0.45987024903297424
            ]
        },
        "score": {
            "loss": [
                13.780860900878906,
                2.701857089996338,
                0.7766022682189941,
                0.5691134929656982,
                0.5157633423805237,
                0.49355635046958923,
                0.4826785624027252,
                0.47509148716926575,
                0.4703556299209595,
                0.46774598956108093,
                0.465019166469574,
                0.46242833137512207,
                0.46159055829048157,
                0.46266523003578186,
                0.4595649540424347,
                0.46012142300605774,
                0.4590913951396942,
                0.4594383239746094
            ],
            "mean_absolute_error": [
                3.518906354904175,
                1.3313870429992676,
                0.6970250010490417,
                0.5933845043182373,
                0.5634589195251465,
                0.5519002676010132,
                0.5449873805046082,
                0.5411205291748047,
                0.5376649498939514,
                0.5375895500183105,
                0.5352027416229248,
                0.533768892288208,
                0.5343047380447388,
                0.5325078368186951,
                0.5314373970031738,
                0.5309206247329712,
                0.5312367081642151,
                0.5316206812858582
            ],
            "mean_squared_error": [
                13.780863761901855,
                2.701857089996338,
                0.7766020894050598,
                0.5691134333610535,
                0.5157633423805237,
                0.49355635046958923,
                0.48267850279808044,
                0.47509151697158813,
                0.4703556001186371,
                0.4677458703517914,
                0.46501898765563965,
                0.4624284505844116,
                0.46159064769744873,
                0.4626651108264923,
                0.45956504344940186,
                0.46012142300605774,
                0.4590912163257599,
                0.4594383239746094
            ],
            "r2": [
                -16.16728401184082,
                -2.3657939434051514,
                0.032560765743255615,
                0.29103636741638184,
                0.35749632120132446,
                0.38516032695770264,
                0.3987112045288086,
                0.40816259384155273,
                0.4140622615814209,
                0.4173133373260498,
                0.4207102656364441,
                0.4239373803138733,
                0.4249810576438904,
                0.4236425757408142,
                0.42750442028045654,
                0.4268113374710083,
                0.42809468507766724,
                0.4276622533798218
            ],
            "root_mean_squared_error": [
                3.7122585773468018,
                1.6437326669692993,
                0.8812503218650818,
                0.7543960809707642,
                0.7181666493415833,
                0.7025356292724609,
                0.6947506666183472,
                0.6892688274383545,
                0.6858247518539429,
                0.6839194893836975,
                0.6819230318069458,
                0.6800209283828735,
                0.679404616355896,
                0.6801949143409729,
                0.6779122948646545,
                0.6783224940299988,
                0.6775627136230469,
                0.677818775177002
            ],
            "root_mean_squared_percentage_error": [
                0.5634914040565491,
                0.2487928420305252,
                0.1460132747888565,
                0.12741975486278534,
                0.12436048686504364,
                0.12125924229621887,
                0.12243824452161789,
                0.12120901048183441,
                0.12149520218372345,
                0.1203705221414566,
                0.11995112150907516,
                0.1202385202050209,
                0.11934417486190796,
                0.12178683280944824,
                0.12029841542243958,
                0.12002860009670258,
                0.11970310658216476,
                0.12048427015542984
            ]
        }
    },
    "training": {
        "combined": {
            "loss": [
                23.979623794555664,
                7.514476299285889,
                1.3973019123077393,
                0.6606343388557434,
                0.5461661219596863,
                0.5153704285621643,
                0.49954941868782043,
                0.49136582016944885,
                0.48621833324432373,
                0.48319634795188904,
                0.48136404156684875,
                0.4982905387878418,
                0.47599029541015625,
                0.47410058975219727,
                0.4750213623046875,
                0.47286462783813477,
                0.4740571677684784,
                0.4723617732524872
            ]
        },
        "score": {
            "loss": [
                24.07400894165039,
                7.554670810699463,
                1.4016714096069336,
                0.6609005928039551,
                0.548209547996521,
                0.5159958004951477,
                0.5010689496994019,
                0.49159109592437744,
                0.48709091544151306,
                0.48352882266044617,
                0.48117583990097046,
                0.4791058897972107,
                0.477020800113678,
                0.4763798117637634,
                0.47576943039894104,
                0.47443723678588867,
                0.47504425048828125,
                0.47390541434288025
            ],
            "mean_absolute_error": [
                4.708412170410156,
                2.4189343452453613,
                0.9235081672668457,
                0.6410330533981323,
                0.5791372656822205,
                0.559036135673523,
                0.5500204563140869,
                0.5440626740455627,
                0.5411916971206665,
                0.5386202335357666,
                0.5375092625617981,
                0.5360673666000366,
                0.5354116559028625,
                0.5334696769714355,
                0.5336719155311584,
                0.5332221388816833,
                0.533512532711029,
                0.5331369638442993
            ],
            "mean_squared_error": [
                24.073999404907227,
                7.554670810699463,
                1.4016715288162231,
                0.6609005928039551,
                0.5482093691825867,
                0.5159955620765686,
                0.5010691285133362,
                0.4915910065174103,
                0.4870908260345459,
                0.48352864384651184,
                0.48117583990097046,
                0.4791058897972107,
                0.4770210087299347,
                0.47637975215911865,
                0.4757694900035858,
                0.4744371473789215,
                0.47504425048828125,
                0.4739052951335907
            ],