{
    "evaluation_frequency": {
        "frequency": 1,
        "period": "epoch"
    },
    "test": {
        "combined": {
            "loss": [
                0.7642095685005188,
                0.45155882835388184,
                0.43913426995277405,
                0.43024635314941406,
                0.42298424243927,
                0.4226059019565582,
                0.4172966182231903,
                0.4193747937679291,
                0.4149516224861145,
                0.42701032757759094,
                0.4121657609939575,
                0.4164373278617859,
                0.412488728761673,
                0.40721872448921204,
                0.41445645689964294,
                0.417449027299881,
                0.4091171324253082,
                0.4115712642669678,
                0.41359490156173706,
                0.4075678884983063,
                0.41324713826179504,
                0.4131627380847931,
                0.4137990474700928
            ]
        },
        "score": {
            "loss": [
                0.7493640780448914,
                0.44763290882110596,
                0.434843510389328,
                0.4266703128814697,
                0.41858842968940735,
                0.4192982614040375,
                0.41242894530296326,
                0.4150375425815582,
                0.41101139783859253,
                0.4231158494949341,
                0.4089517593383789,
                0.4126984179019928,
                0.40995490550994873,
                0.40494194626808167,
                0.40953776240348816,
                0.4110451638698578,
                0.4051222801208496,
                0.4080759584903717,
                0.4085952341556549,
                0.404599666595459,
                0.4075923264026642,
                0.4088994860649109,
                0.4093368649482727
            ],
            "mean_absolute_error": [
                0.6819869875907898,
                0.5234805345535278,
                0.5153277516365051,
                0.5103322863578796,
                0.505527138710022,
                0.5086450576782227,
                0.5010559558868408,
                0.5031186938285828,
                0.5019720196723938,
                0.5110242366790771,
                0.4976966977119446,
                0.5029292702674866,
                0.5011518001556396,
                0.4972716271877289,
                0.5005790591239929,
                0.49824127554893494,
                0.49764811992645264,
                0.5003321170806885,
                0.49967190623283386,
                0.4980238378047943,
                0.4975541830062866,
                0.49945443868637085,
                0.49963846802711487
            ],
            "mean_squared_error": [
                0.749363899230957,
                0.4476327896118164,
                0.4348435401916504,
                0.4266703128814697,
                0.41858842968940735,
                0.4192982614040375,
                0.41242915391921997,
                0.41503745317459106,
                0.4110112488269806,
                0.4231157600879669,
                0.4089517891407013,
                0.4126984477043152,
                0.4099549949169159,
                0.4049420952796936,
                0.40953782200813293,
                0.4110451936721802,
                0.4051222801208496,
                0.40807589888572693,
                0.4085952639579773,
                0.4045995771884918,
                0.4075923264026642,
                0.40889954566955566,
                0.40933698415756226
            ],
            "r2": [
                0.06649231910705566,
                0.44236886501312256,
                0.4583008289337158,
                0.46848249435424805,
                0.47855037450790405,
                0.47766613960266113,
                0.48622316122055054,
                0.48297393321990967,
                0.48798948526382446,
                0.4729105234146118,
                0.4905550479888916,
                0.48588770627975464,
                0.489305317401886,
                0.4955500364303589,
                0.4898250102996826,
                0.4879472255706787,
                0.49532562494277954,
                0.4916461706161499,
                0.49099916219711304,
                0.4959767460823059,
                0.49224853515625,
                0.49062013626098633,
                0.49007517099380493
            ],
            "root_mean_squared_error": [
                0.8656580448150635,
                0.6690536737442017,
                0.6594266891479492,
                0.6532000303268433,
                0.6469841003417969,
                0.6475324630737305,
                0.6422064900398254,
                0.6442340016365051,
                0.641101598739624,
                0.6504734754562378,
                0.6394934058189392,
                0.6424161195755005,
                0.6402772665023804,
                0.6363506317138672,
                0.6399514079093933,
                0.6411280632019043,
                0.6364921927452087,
                0.6388081908226013,
                0.6392145752906799,
                0.6360813975334167,
                0.638429582118988,
                0.6394525170326233,
                0.6397944688796997
            ],
            "root_mean_squared_percentage_error": [
                0.14125607907772064,
                0.11686134338378906,
                0.11763888597488403,
                0.11667200922966003,
                0.11366846412420273,
                0.11188525706529617,
                0.1143786609172821,
                0.11514212936162949,
                0.11327122896909714,
                0.11071448773145676,
                0.11327662318944931,
                0.11235128343105316,
                0.1118588000535965,
                0.11209864914417267,
                0.11136865615844727,
                0.11542060971260071,
                0.11197514086961746,
                0.1108035072684288,
                0.11400245875120163,
                0.11193706840276718,
                0.1138571947813034,
                0.11387782543897629,
                0.11200986057519913
            ]
        }
    },
    "training": {
        "combined": {
            "loss": [
                16.530736923217773,
                0.5464267730712891,
                0.4491763114929199,
                0.4354856312274933,
                0.42790231108665466,
                0.42703962326049805,
                0.4194786250591278,
                0.41631269454956055,
                0.4157659113407135,
                0.40775102376937866,
                0.41003015637397766,
                0.4074755311012268,
                0.4103070795536041,
                0.4077436029911041,
                0.4052950143814087,
                0.40499797463417053,
                0.39749255776405334,
                0.3976549506187439,
                0.40008091926574707,
                0.39647719264030457,
                0.3950042128562927,
                0.393354594707489,
                0.39262503385543823
            ]
        },