{
    "evaluation_frequency": {
        "frequency": 1,
        "period": "epoch"
    },
    "test": {
        "combined": {
            "loss": [
                2.328045129776001,
                0.5335556268692017,
                0.4810916781425476,
                0.46053802967071533,
                0.46119776368141174,
                0.453637033700943,
                0.4573334753513336,
                0.4551060199737549,
                0.44755637645721436,
                0.44937312602996826,
                0.45247897505760193,
                0.45518219470977783,
                0.4464047849178314,
                0.4451284110546112,
                0.449970543384552,
                0.4459782838821411,
                0.4574187695980072,
                0.4534815549850464
            ]
        },
        "score": {
            "loss": [
                2.3331332206726074,
                0.5359325408935547,
                0.4789685606956482,
                0.45773398876190186,
                0.4555269777774811,
                0.4496796727180481,
                0.4535096287727356,
                0.4531499743461609,
                0.44332560896873474,
                0.44484755396842957,
                0.4488988220691681,
                0.4496564567089081,
                0.4413051903247833,
                0.4412296414375305,
                0.44698187708854675,
                0.44118186831474304,
                0.4505709111690521,
                0.4470766484737396
            ],
            "mean_absolute_error": [
                1.2186784744262695,
                0.5782202482223511,
                0.5437542200088501,
                0.5314303636550903,
                0.5299921035766602,
                0.5262657999992371,
                0.5288429856300354,
                0.5305176377296448,
                0.5233522057533264,
                0.5248165726661682,
                0.5282182693481445,
                0.5264836549758911,
                0.5233207941055298,
                0.5239094495773315,
                0.5268046855926514,
                0.5238723754882812,
                0.5271727442741394,
                0.5260366201400757
            ],
            "mean_squared_error": [
                2.3331332206726074,
                0.5359324812889099,
                0.4789687693119049,
                0.4577339291572571,
                0.45552706718444824,
                0.44967976212501526,
                0.4535095691680908,
                0.45315003395080566,
                0.4433256685733795,
                0.4448475241661072,
                0.4488988220691681,
                0.44965648651123047,
                0.4413052797317505,
                0.44122955203056335,
                0.44698193669319153,
                0.44118186831474304,
                0.4505707323551178,
                0.44707658886909485
            ],
            "r2": [
                -1.9064621925354004,
                0.33237093687057495,
                0.40333259105682373,
                0.42978549003601074,
                0.43253469467163086,
                0.4398188591003418,
                0.4350479245185852,
                0.43549585342407227,
                0.44773435592651367,
                0.4458385705947876,
                0.44079166650772095,
                0.43984782695770264,
                0.4502512216567993,
                0.45034557580947876,
                0.4431796073913574,
                0.45040494203567505,
                0.43870896100997925,
                0.4430617094039917
            ],
            "root_mean_squared_error": [
                1.527459740638733,
                0.7320740818977356,
                0.6920756697654724,
                0.6765603423118591,
                0.6749274730682373,
                0.6705816388130188,
                0.6734312176704407,
                0.6731641888618469,
                0.6658270359039307,
                0.6669688820838928,
                0.6699991226196289,
                0.6705642938613892,
                0.6643081307411194,
                0.6642511487007141,
                0.6685670614242554,
                0.6642152070999146,
                0.6712456345558167,
                0.6686378717422485
            ],
            "root_mean_squared_percentage_error": [
                0.2414877712726593,
                0.1263871192932129,
                0.12195055186748505,
                0.11837403476238251,
                0.11941271275281906,
                0.11799905449151993,
                0.11881333589553833,
                0.11457973718643188,
                0.11749038845300674,
                0.11686111241579056,
                0.1146608218550682,
                0.1207924634218216,
                0.1163233295083046,
                0.11548443138599396,
                0.11517518758773804,
                0.1166597530245781,
                0.12081421911716461,
                0.11733030527830124
            ]
        }
    },
    "training": {
        "combined": {
            "loss": [
                18.337278366088867,
                0.9837135076522827,
                0.510077953338623,
                0.47251081466674805,
                0.46259886026382446,
                0.4558776021003723,
                0.45049697160720825,
                0.4480389356613159,
                0.44529303908348083,
                0.4458633363246918,
                0.44180017709732056,
                0.44113877415657043,
                0.44023260474205017,
                0.4393661320209503,
                0.43783602118492126,
                0.4382267892360687,
                0.43763718008995056,
                0.4370124936103821
            ]
        },
        "score": {
            "loss": [
                18.500185012817383,
                0.9898204803466797,
                0.5087915062904358,
                0.4740452766418457,
                0.46166351437568665,
                0.4563426375389099,
                0.453154593706131,
                0.4484767019748688,
                0.4465991258621216,
                0.4441213309764862,
                0.4425794780254364,
                0.44155699014663696,
                0.4402764141559601,
                0.4401167333126068,
                0.43714383244514465,
                0.4383977949619293,
                0.43885090947151184,
                0.43671122193336487
            ],
            "mean_absolute_error": [
                3.861943244934082,
                0.7670764327049255,
                0.557956874370575,
                0.535892903804779,
                0.5285219550132751,
                0.5251310467720032,
                0.522712230682373,
                0.5213571190834045,
                0.5201336741447449,
                0.5175419449806213,
                0.5161935687065125,
                0.517474889755249,
                0.5157142281532288,
                0.5158713459968567,
                0.5135508179664612,
                0.5146965980529785,
                0.5139486789703369,
                0.5135935544967651
            ],
            "mean_squared_error": [
                18.50017547607422,
                0.9898197650909424,
                0.5087916254997253,
                0.47404512763023376,
                0.46166351437568665,
                0.45634299516677856,
                0.45315462350845337,
                0.448476642370224,
                0.44659918546676636,
                0.4441210925579071,
                0.442579448223114,
                0.4415569305419922,
                0.4402763247489929,
                0.4401167035102844,
                0.43714383244514465,
                0.4383977949619293,
                0.43885090947151184,
                0.43671131134033203
            ],