{
    "evaluation_frequency": {
        "frequency": 1,
        "period": "epoch"
    },
    "test": {
        "combined": {
            "loss": [
                0.8148899078369141,
                0.4666142761707306,
                0.4332142770290375,
                0.4296821653842926,
                0.41850563883781433,
                0.42581215500831604,
                0.42298623919487,
                0.41625210642814636,
                0.41760551929473877,
                0.4194110929965973,
                0.4127969443798065,
                0.41946136951446533,
                0.4142855703830719,
                0.4202655851840973,
                0.41727882623672485,
                0.4125034809112549,
                0.41364365816116333,
                0.4189862012863159
            ]
        },
        "score": {
            "loss": [
                0.7999049425125122,
                0.4620378911495209,
                0.429203063249588,
                0.4253387153148651,
                0.4169705808162689,
                0.4216556251049042,
                0.41919437050819397,
                0.4125576615333557,
                0.41219085454940796,
                0.41350236535072327,
                0.4104701578617096,
                0.41287416219711304,
                0.4096047580242157,
                0.4148770570755005,
                0.4135507047176361,
                0.4081992208957672,
                0.4077766239643097,
                0.414400190114975
            ],
            "mean_absolute_error": [
                0.7052857279777527,
                0.5321468710899353,
                0.5116362571716309,
                0.5084759593009949,
                0.5047614574432373,
                0.5050320029258728,
                0.5073118209838867,
                0.5035059452056885,
                0.5026079416275024,
                0.5000834465026855,
                0.5016582608222961,
                0.5019062757492065,
                0.4985984265804291,
                0.501366913318634,
                0.5045967698097229,
                0.4989672303199768,
                0.4966835379600525,
                0.5034540891647339
            ],
            "mean_squared_error": [
                0.7999048829078674,
                0.46203798055648804,
                0.429203063249588,
                0.42533865571022034,
                0.41697052121162415,
                0.4216556251049042,
                0.4191942811012268,
                0.4125577211380005,
                0.41219082474708557,
                0.41350236535072327,
                0.41047024726867676,
                0.41287416219711304,
                0.4096048176288605,
                0.4148769974708557,
                0.41355079412460327,
                0.4081993103027344,
                0.4077765643596649,
                0.414400190114975
            ],
            "r2": [
                0.0035316944122314453,
                0.42442381381988525,
                0.4653273820877075,
                0.4701414108276367,
                0.4805658459663391,
                0.4747294783592224,
                0.4777956008911133,
                0.48606300354003906,
                0.48652011156082153,
                0.4848862290382385,
                0.4886634349822998,
                0.4856688380241394,
                0.48974156379699707,
                0.48317378759384155,
                0.48482590913772583,
                0.49149245023727417,
                0.49201905727386475,
                0.4837678074836731
            ],
            "root_mean_squared_error": [
                0.8943740129470825,
                0.6797337532043457,
                0.6551359295845032,
                0.6521798968315125,
                0.6457325220108032,
                0.6493501663208008,
                0.6474521160125732,
                0.6423065662384033,
                0.6420208811759949,
                0.6430414915084839,
                0.6406795382499695,
                0.6425528526306152,
                0.6400037407875061,
                0.6441094875335693,
                0.6430791616439819,
                0.6389047503471375,
                0.6385738253593445,
                0.6437392234802246
            ],
            "root_mean_squared_percentage_error": [
                0.14280281960964203,
                0.12221709638834,
                0.11511893570423126,
                0.11664652079343796,
                0.11356262862682343,
                0.11745182424783707,
                0.11192678660154343,
                0.11166365444660187,
                0.11252622306346893,
                0.11582379788160324,
                0.11084622889757156,
                0.11599498987197876,
                0.112665556371212,
                0.11611969769001007,
                0.11051297187805176,
                0.11413022875785828,
                0.11394363641738892,
                0.1108049601316452
            ]
        }
    },
    "training": {
        "combined": {
            "loss": [
                16.522552490234375,
                0.552233099937439,
                0.44464966654777527,
                0.4316673278808594,
                0.42677316069602966,
                0.424008309841156,
                0.41647544503211975,
                0.41501420736312866,
                0.4097912609577179,
                0.41010183095932007,
                0.4102599322795868,
                0.4074814021587372,
                0.4015582203865051,
                0.40047475695610046,
                0.40197426080703735,
                0.40105098485946655,
                0.3984467685222626,
                0.3998432457447052
            ]
        },
        "score": {
            "loss": [
                16.679710388183594,
                0.5546903610229492,
                0.44650691747665405,
                0.43352001905441284,
                0.42705410718917847,
                0.42436712980270386,
                0.4166737496852875,
                0.4158107042312622,
                0.4111524820327759,
                0.40976783633232117,
                0.4090155363082886,
                0.40827247500419617,
                0.40285083651542664,
                0.4020884931087494,
                0.4009357690811157,
                0.40109527111053467,
                0.3988499641418457,
                0.3989397883415222
            ],
            "mean_absolute_error": [
                3.4164130687713623,
                0.5839623212814331,
                0.5176792740821838,
                0.5098703503608704,
                0.5051625370979309,
                0.5028447508811951,
                0.4978240728378296,
                0.4969388246536255,
                0.49510544538497925,
                0.49394455552101135,
                0.4929738938808441,
                0.49242550134658813,
                0.49023979902267456,
                0.4883728325366974,
                0.48700374364852905,
                0.4877702593803406,
                0.4860326647758484,
                0.48588883876800537
            ],
            "mean_squared_error": [
                16.679710388183594,
                0.5546908378601074,
                0.4465073347091675,
                0.43352010846138,
                0.4270537197589874,
                0.424367219209671,
                0.4166736602783203,
                0.4158104956150055,
                0.4111524820327759,
                0.4097679555416107,
                0.40901532769203186,
                0.4082726836204529,
                0.40285080671310425,
                0.40208885073661804,
                0.40093591809272766,
                0.40109530091285706,
                0.3988499343395233,
                0.39893975853919983
            ],