{
    "evaluation_frequency": {
        "frequency": 1,
        "period": "epoch"
    },
    "test": {
        "combined": {
            "loss": [
                40.399837493896484,
                39.38079833984375,
                38.383644104003906,
                37.406593322753906,
                36.44013214111328,
                35.48404312133789,
                34.55663299560547,
                33.63669967651367,
                32.730201721191406,
                31.841550827026367,
                30.96115493774414,
                30.10302734375,
                29.249919891357422,
                28.420181274414062,
                27.59732437133789,
                26.78780174255371,
                25.99512481689453,
                25.205158233642578,
                24.43246841430664,
                23.671850204467773,
                22.92540740966797,
                22.19529151916504,
                21.47886085510254
            ]
        },
        "score": {
            "loss": [
                40.40864181518555,
                39.38981628417969,
                38.39289093017578,
                37.4160041809082,
                36.44977569580078,
                35.49396514892578,
                34.56661605834961,
                33.6468620300293,
                32.74056625366211,
                31.851951599121094,
                30.97169303894043,
                30.11355209350586,
                29.260536193847656,
                28.430795669555664,
                27.607961654663086,
                26.798446655273438,
                26.0057373046875,
                25.215898513793945,
                24.443248748779297,
                23.682682037353516,
                22.936229705810547,
                22.20603370666504,
                21.489490509033203
            ],
            "mean_absolute_error": [
                6.285733222961426,
                6.203962802886963,
                6.12286901473999,
                6.042395114898682,
                5.961668968200684,
                5.880638122558594,
                5.801162242889404,
                5.721124172210693,
                5.641101837158203,
                5.5616960525512695,
                5.481794357299805,
                5.402929782867432,
                5.323230743408203,
                5.244688510894775,
                5.165571689605713,
                5.086544990539551,
                5.008004665374756,
                4.928282737731934,
                4.849134922027588,
                4.769918918609619,
                4.690957069396973,
                4.612544536590576,
                4.534323215484619
            ],
            "mean_squared_error": [
                40.40864562988281,
                39.38981628417969,
                38.392887115478516,
                37.41600036621094,
                36.44976043701172,
                35.49396514892578,
                34.566619873046875,
                33.64685821533203,
                32.740562438964844,
                31.851953506469727,
                30.97168731689453,
                30.113550186157227,
                29.260543823242188,
                28.43079376220703,
                27.60795783996582,
                26.798446655273438,
                26.0057430267334,
                25.21589469909668,
                24.44324493408203,
                23.682682037353516,
                22.936233520507812,
                22.206035614013672,
                21.489500045776367
            ],
            "r2": [
                -47.88389587402344,
                -46.65137481689453,
                -45.44535446166992,
                -44.26357650756836,
                -43.09468078613281,
                -41.938419342041016,
                -40.81657028198242,
                -39.70389938354492,
                -38.60751724243164,
                -37.532535552978516,
                -36.46764373779297,
                -35.42951965332031,
                -34.397605895996094,
                -33.39382553100586,
                -32.39841079711914,
                -31.419113159179688,
                -30.46014976501465,
                -29.504638671875,
                -28.569936752319336,
                -27.649852752685547,
                -26.746845245361328,
                -25.863494873046875,
                -24.996675491333008
            ],
            "root_mean_squared_error": [
                6.3567795753479,
                6.276130676269531,
                6.196199417114258,
                6.116861820220947,
                6.037363529205322,
                5.957681179046631,
                5.879338264465332,
                5.800590991973877,
                5.72193717956543,
                5.643753528594971,
                5.565221309661865,
                5.487581253051758,
                5.4093017578125,
                5.3320536613464355,
                5.254327297210693,
                5.176721572875977,
                5.099582672119141,
                5.021543025970459,
                4.944011211395264,
                4.866485595703125,
                4.789178848266602,
                4.71232795715332,
                4.635676860809326
            ],
            "root_mean_squared_percentage_error": [
                0.9748208522796631,
                0.9618664383888245,
                0.9490246772766113,
                0.9362890720367432,
                0.92351895570755,
                0.9107069969177246,
                0.898150622844696,
                0.8855116367340088,
                0.8728829026222229,
                0.8603591918945312,
                0.847765326499939,
                0.8353415131568909,
                0.8227960467338562,
                0.8104390501976013,
                0.7980007529258728,
                0.7855858206748962,
                0.7732549905776978,
                0.7607540488243103,
                0.7483515739440918,
                0.7359499931335449,
                0.7235976457595825,
                0.7113378643989563,
                0.6991180777549744
            ]
        }
    },
    "training": {
        "combined": {
            "loss": [
                41.4592399597168,
                40.36589431762695,
                39.46359634399414,
                38.38755416870117,
                37.536434173583984,
                36.574058532714844,
                35.55827713012695,
                34.683082580566406,
                33.84789276123047,
                32.945335388183594,
                31.99297332763672,
                31.07384490966797,
                30.255685806274414,
                29.419937133789062,
                28.55133056640625,
                27.825937271118164,
                26.913633346557617,
                26.187040328979492,
                25.316856384277344,
                24.601884841918945,
                23.91587257385254,
                23.123937606811523,
                22.366321563720703
            ]
        },
        "score": {
            "loss": [
                41.503353118896484,
                40.467613220214844,
                39.46153259277344,
                38.47565460205078,
                37.50538635253906,
                36.549842834472656,
                35.60789489746094,
                34.68364715576172,
                33.771793365478516,
                32.874088287353516,
                31.98665428161621,
                31.11552619934082,
                30.255327224731445,
                29.412620544433594,
                28.5814266204834,
                27.759727478027344,
                26.951400756835938,
                26.156240463256836,
                25.374914169311523,
                24.606061935424805,
                23.84621238708496,
                23.100479125976562,
                22.368642807006836
            ],